frame,x,y,z,velocity
980,0.2863132655620575,0.10627498477697372,0.0,0.0
980,-0.3953849971294403,0.1844368875026703,0.0,0.0
980,-1.1288923025131226,1.0920116901397705,0.0,0.0
980,-1.1561602354049683,2.002528190612793,0.0,0.0
980,-1.259778380393982,3.441480875015259,0.0,0.0
980,-1.589720368385315,4.34282112121582,0.0,0.0
980,-1.4111154079437256,4.8147735595703125,0.0,0.0
980,3.471207618713379,4.7041778564453125,0.0,0.0
980,3.3607723712921143,5.359618186950684,0.0,0.0
